{
    "accuracy": 0.9673024523160763,
    "precision": 1.0,
    "recall": 0.7692307692307693,
    "auc": 0.9857210690544024
}
